-- schema-cloud.sql
-- 用于 Railway 等云 MySQL。
-- 云平台通常已经创建好了默认数据库，所以这里不再 CREATE DATABASE / USE。

DROP TABLE IF EXISTS sentence;
DROP TABLE IF EXISTS vocabulary;
DROP TABLE IF EXISTS material;
DROP TABLE IF EXISTS scene;

CREATE TABLE scene (
  id INT PRIMARY KEY AUTO_INCREMENT,
  name VARCHAR(50),
  en VARCHAR(80) DEFAULT 'Scene'
);

CREATE TABLE sentence (
  id INT PRIMARY KEY AUTO_INCREMENT,
  korean VARCHAR(200),
  chinese VARCHAR(200),
  situation VARCHAR(80) DEFAULT '常用表达',
  audio_url VARCHAR(300),
  audio_start FLOAT DEFAULT 0,
  audio_end FLOAT DEFAULT 0,
  scene_id INT,
  FOREIGN KEY (scene_id) REFERENCES scene(id)
);

CREATE TABLE vocabulary (
  id INT PRIMARY KEY AUTO_INCREMENT,
  korean VARCHAR(100),
  chinese VARCHAR(200),
  pos VARCHAR(20)
);

CREATE TABLE material (
  id INT PRIMARY KEY AUTO_INCREMENT,
  title VARCHAR(100),
  chapter VARCHAR(50),
  audio_url VARCHAR(300),
  content TEXT
);

INSERT INTO scene (id, name, en) VALUES
  (1, '学校', 'Campus'),
  (2, '医院', 'Clinic'),
  (3, '交通', 'Transit'),
  (4, '餐厅', 'Dining'),
  (5, '购物', 'Shopping'),
  (6, '住宿', 'Stay');

INSERT INTO sentence (scene_id, korean, chinese, situation, audio_url, audio_start, audio_end) VALUES
  (1, '선생님, 안녕하세요?', '老师，您好？', '教室问候', '', 0, 0),
  (1, '오늘 수업은 몇 시에 시작해요?', '今天的课几点开始？', '教室问候', '', 0, 0),
  (1, '연필을 빌려 주실 수 있어요?', '可以借我一支铅笔吗？', '借学习用品', '', 0, 0),
  (1, '지우개 좀 빌려도 될까요?', '可以借一下橡皮吗？', '借学习用品', '', 0, 0),
  (1, '숙제는 어디에 내면 돼요?', '作业交到哪里就可以？', '提交作业', '', 0, 0),
  (1, '내일까지 내도 돼요?', '可以明天之前交吗？', '提交作业', '', 0, 0),
  (2, '진료 예약을 하고 싶어요.', '我想预约看诊。', '挂号', '', 0, 0),
  (2, '처음 왔는데 어떻게 해야 돼요?', '我第一次来，要怎么办？', '挂号', '', 0, 0),
  (2, '목이 아프고 열이 나요.', '我嗓子疼，而且发烧。', '描述症状', '', 0, 0),
  (2, '어제부터 배가 아파요.', '从昨天开始肚子疼。', '描述症状', '', 0, 0),
  (2, '이 약은 하루에 몇 번 먹어요?', '这个药一天吃几次？', '取药', '', 0, 0),
  (2, '식후에 먹으면 돼요?', '饭后吃就可以吗？', '取药', '', 0, 0),
  (3, '지하철역이 어디에 있어요?', '地铁站在哪里？', '问路', '', 0, 0),
  (3, '여기서 멀어요?', '离这里远吗？', '问路', '', 0, 0),
  (3, '서울역까지 표 한 장 주세요.', '请给我一张到首尔站的票。', '买票', '', 0, 0),
  (3, '왕복으로 주세요.', '请给我往返票。', '买票', '', 0, 0),
  (3, '이 주소로 가 주세요.', '请去这个地址。', '乘坐出租车', '', 0, 0),
  (3, '여기서 세워 주세요.', '请在这里停。', '乘坐出租车', '', 0, 0),
  (4, '비빔밥 하나하고 물 한 잔 주세요.', '请给我一份拌饭和一杯水。', '点餐', '', 0, 0),
  (4, '메뉴 좀 추천해 주세요.', '请推荐一下菜。', '点餐', '', 0, 0),
  (4, '맵지 않게 해 주세요.', '请做得不要太辣。', '确认口味', '', 0, 0),
  (4, '이거 매워요?', '这个辣吗？', '确认口味', '', 0, 0),
  (4, '계산은 카드로 할게요.', '我用卡结账。', '结账', '', 0, 0),
  (4, '따로 계산해 주세요.', '请分开结账。', '结账', '', 0, 0),
  (5, '이거 얼마예요?', '这个多少钱？', '询问价格', '', 0, 0),
  (5, '좀 깎아 주세요.', '便宜点吧。', '询问价格', '', 0, 0),
  (5, '입어 봐도 돼요?', '可以试穿一下吗？', '试穿', '', 0, 0),
  (5, '더 큰 사이즈 있어요?', '有更大的尺码吗？', '试穿', '', 0, 0),
  (5, '다른 색으로 바꿀 수 있어요?', '可以换成别的颜色吗？', '退换', '', 0, 0),
  (5, '환불 받을 수 있어요?', '可以退款吗？', '退换', '', 0, 0),
  (6, '예약한 방이 있어요.', '我有预订的房间。', '办理入住', '', 0, 0),
  (6, '체크인하고 싶어요.', '我想办理入住。', '办理入住', '', 0, 0),
  (6, '와이파이 비밀번호가 뭐예요?', '无线网络密码是什么？', '询问设施', '', 0, 0),
  (6, '아침 식사는 몇 시예요?', '早餐几点？', '询问设施', '', 0, 0),
  (6, '수건을 하나 더 주세요.', '请再给我一条毛巾。', '请求帮助', '', 0, 0),
  (6, '방 청소를 부탁해요.', '麻烦打扫一下房间。', '请求帮助', '', 0, 0);

INSERT INTO vocabulary (id, korean, chinese, pos) VALUES
  (1, '책상', '书桌', '延世1'),
  (2, '학생', '学生', '延世1'),
  (3, '의사', '医生', '延世1'),
  (4, '고분', '那位', '延世1'),
  (5, '서울', '首尔', '延世1'),
  (6, '의', '助词，的', '延世1'),
  (7, '수도', '首都', '延世1'),
  (8, '제', '我的', '延世1'),
  (9, '그리고', '还有', '延世1'),
  (10, '친구', '朋友', '延世1'),
  (11, '어느', '哪个', '延世1'),
  (12, '나라', '国家', '延世1'),
  (13, '사람', '人', '延世1'),
  (14, '이분', '这位', '延世1'),
  (15, '여기', '这里', '延世1'),
  (16, '누구', '谁', '延世1'),
  (17, '그럼', '那么', '延世1'),
  (18, '그런데', '但是，表转折', '延世1'),
  (19, '무엇', '什么', '延世1'),
  (20, '교과서', '教科书', '延世1'),
  (21, '여행사', '旅行社', '延世1'),
  (22, '직업', '职业', '延世1'),
  (23, '회사원', '公司职员', '延世1'),
  (24, '대학생', '大学生', '延世1'),
  (25, '충학생', '中学生', '延世1'),
  (26, '유학생', '留学生', '延世1'),
  (27, '가수', '歌手', '延世1'),
  (28, '의사', '医生', '延世1'),
  (29, '간호사', '护士', '延世1'),
  (30, '은행원', '银行职员', '延世1'),
  (31, '비서', '秘书', '延世1'),
  (32, '기자', '记者', '延世1'),
  (33, '변호사', '律师', '延世1'),
  (34, '교수', '教授', '延世1'),
  (35, '직원', '职员', '延世1'),
  (36, '처음', '第一次', '延世1'),
  (37, '뵙겠습니다', '拜见', '延世1'),
  (38, '반갑다', '认识你很高兴', '延世1'),
  (39, '가다', '去', '延世1'),
  (40, '오다', '来', '延世1'),
  (41, '만나다', '见面', '延世1'),
  (42, '자다', '睡', '延世1'),
  (43, '먹다', '吃', '延世1'),
  (44, '입다', '穿', '延世1'),
  (45, '듣다', '听', '延世1'),
  (46, '읽다', '读', '延世1'),
  (47, '쓰다', '写', '延世1'),
  (48, '인사하다', '打招呼', '延世1'),
  (49, '합다', '做', '延世1'),
  (50, '인사', '打招呼', '延世1'),
  (51, '점원', '店员', '延世1'),
  (52, '그렇다', '是的', '延世1'),
  (53, '이것', '这个，离说话者近', '延世1'),
  (54, '그것', '那个，离听话者近', '延世1'),
  (55, '저것', '那个，离两者都远', '延世1'),
  (56, '읽기책', '读物', '延世1'),
  (57, '잡지', '杂志', '延世1'),
  (58, '사전', '字典', '延世1'),
  (59, '자', '尺', '延世1'),
  (60, '책상', '书桌', '延世1'),
  (61, '필통', '笔筒', '延世1'),
  (62, '지갑', '钱包', '延世1'),
  (63, '연필', '铅笔', '延世1'),
  (64, '지우개', '橡皮', '延世1'),
  (65, '볼펜', '笔', '延世1'),
  (66, '돈', '钱', '延世1'),
  (67, '카드', '卡', '延世1'),
  (68, '신분증', '身份证', '延世1'),
  (69, '여권', '护照', '延世1'),
  (70, '가방', '包', '延世1'),
  (71, '손수건', '手绢', '延世1'),
  (72, '모자', '帽子', '延世1'),
  (73, '열쇠', '钥匙', '延世1'),
  (74, '과자', '饼干', '延世1'),
  (75, '종이', '纸', '延世1'),
  (76, '수첩', '手册', '延世1'),
  (77, '공책', '笔记本', '延世1'),
  (78, '휴지', '手纸', '延世1'),
  (79, '거울', '镜子', '延世1'),
  (80, '달력', '日历', '延世1'),
  (81, '지도', '地图', '延世1'),
  (82, '교실', '教室', '延世1'),
  (83, '칠판', '黑板', '延世1'),
  (84, '분필', '粉笔', '延世1'),
  (85, '텔레비전', '电视机', '延世1'),
  (86, '창문', '窗户', '延世1'),
  (87, '문', '门', '延世1'),
  (88, '그림', '画', '延世1'),
  (89, '옷걸이', '晾衣架', '延世1'),
  (90, '많다', '多', '延世1'),
  (91, '적다', '少', '延世1'),
  (92, '크다', '大', '延世1'),
  (93, '작다', '小', '延世1'),
  (94, '좋다', '好', '延世1'),
  (95, '나쁘다', '不好', '延世1'),
  (96, '산', '山', '延世1'),
  (97, '바다', '大海', '延世1'),
  (98, '도서관', '图书馆', '延世1'),
  (99, '공부하다', '学习', '延世1'),
  (100, '시계', '钟表', '延世1'),
  (101, '질문', '问题', '延世1'),
  (102, '장소', '场所', '延世1'),
  (103, '교실', '教室', '延世1'),
  (104, '화장실', '洗手间', '延世1'),
  (105, '사무실', '办公室', '延世1'),
  (106, '은행', '银行', '延世1'),
  (107, '우체국', '邮局', '延世1'),
  (108, '식당', '食堂', '延世1'),
  (109, '서점', '书店', '延世1'),
  (110, '학생회관', '学生会馆', '延世1'),
  (111, '위치', '位置', '延世1'),
  (112, '앞', '前面', '延世1'),
  (113, '뒤', '后面', '延世1'),
  (114, '옆', '旁边', '延世1'),
  (115, '위', '上面', '延世1'),
  (116, '밑/아래', '下面', '延世1'),
  (117, '안', '里面', '延世1'),
  (118, '밖', '外面', '延世1'),
  (119, '장소', '场所', '延世1'),
  (120, '백화점', '百货商店', '延世1'),
  (121, '극장', '剧场', '延世1'),
  (122, '집', '家', '延世1'),
  (123, '근처', '附近', '延世1'),
  (124, '지하철', '地铁', '延世1'),
  (125, '역', '站', '延世1'),
  (126, '지하철역', '地铁站', '延世1'),
  (127, '병원', '医院', '延世1'),
  (128, '약국', '药店', '延世1'),
  (129, '회사', '公司', '延世1'),
  (130, '가게', '店', '延世1'),
  (131, '공원', '公园', '延世1'),
  (132, '시장', '市场', '延世1'),
  (133, '정류장', '车站', '延世1'),
  (134, '커피숍', '咖啡店', '延世1'),
  (135, '마트', '超市', '延世1'),
  (136, '버스', '巴士', '延世1'),
  (137, '아이', '小孩', '延世1'),
  (138, '빵', '面包', '延世1'),
  (139, '과자', '饼干', '延世1'),
  (140, '가족', '家人', '延世1'),
  (141, '사진', '照片', '延世1'),
  (142, '자주', '经常', '延世1'),
  (143, '가끔', '偶尔', '延世1'),
  (144, '하다', '做、干', '延世1'),
  (145, '보다', '看', '延世1'),
  (146, '이야기', '说话', '延世1'),
  (147, '일', '工作', '延世1'),
  (148, '공부', '学习', '延世1'),
  (149, '숙제', '作业', '延世1'),
  (150, '노래', '歌曲', '延世1'),
  (151, '운동', '运动', '延世1'),
  (152, '산책', '散步', '延世1'),
  (153, '식사', '吃饭', '延世1'),
  (154, '좋아', '喜欢', '延世1'),
  (155, '몇', '几，多少', '延世1'),
  (156, '명', '个', '延世1'),
  (157, '몇 명', '几个', '延世1'),
  (158, '모두', '都，一共', '延世1'),
  (159, '고향', '家乡', '延世1'),
  (160, '아버지', '爸爸(成年)', '延世1'),
  (161, '아빠', '爸爸(未成年)', '延世1'),
  (162, '어머니', '妈妈(成年)', '延世1'),
  (163, '엄마', '妈妈(未成年)', '延世1'),
  (164, '부모님', '父母(敬语)', '延世1'),
  (165, '부모', '父母(平语)', '延世1'),
  (166, '할아버지', '爷爷', '延世1'),
  (167, '할머니', '奶奶', '延世1'),
  (168, '외할아버지', '外公', '延世1'),
  (169, '남자', '男', '延世1'),
  (170, '여자', '女', '延世1'),
  (171, '나', '我', '延世1'),
  (172, '형제', '兄弟', '延世1'),
  (173, '형', '哥哥(男称)', '延世1'),
  (174, '오빠', '哥哥(女称)', '延世1'),
  (175, '누나', '姐姐(男称)', '延世1'),
  (176, '언니', '姐姐(女称)', '延世1'),
  (177, '동생', '弟弟或妹妹', '延世1'),
  (178, '남동생', '弟弟', '延世1'),
  (179, '여동생', '妹妹', '延世1'),
  (180, '수', '数', '延世1'),
  (181, '하나', '一', '延世1'),
  (182, '둘', '二', '延世1'),
  (183, '셋', '三', '延世1'),
  (184, '넷', '四', '延世1'),
  (185, '다섯', '五', '延世1'),
  (186, '여섯', '六', '延世1'),
  (187, '일곱', '七', '延世1'),
  (188, '여덟', '八', '延世1'),
  (189, '아홉', '九', '延世1'),
  (190, '열', '十', '延世1'),
  (191, '산', '山', '延世1'),
  (192, '공기', '空气', '延世1'),
  (193, '고', '连接词尾', '延世1'),
  (194, '춥다', '冷', '延世1'),
  (195, '덥다', '热', '延世1'),
  (196, '시원하다', '凉快', '延世1'),
  (197, '따뜻하다', '温暖', '延世1'),
  (198, '예쁘다', '漂亮', '延世1'),
  (199, '복잡하다', '复杂', '延世1'),
  (200, '깨끗하다', '干净', '延世1'),
  (201, '더럽다', '脏', '延世1'),
  (202, '조용하다', '安静', '延世1'),
  (203, '시끄럽다', '喧哗', '延世1'),
  (204, '넓다', '宽', '延世1'),
  (205, '좁다', '窄', '延世1'),
  (206, '전공', '专业', '延世1'),
  (207, '경제학', '经济学', '延世1'),
  (208, '컴퓨터공학', '计算机工学', '延世1'),
  (209, '법학', '法学', '延世1'),
  (210, '생물학', '生物学', '延世1'),
  (211, '경영학', '经营学', '延世1'),
  (212, '역사학', '历史学', '延世1'),
  (213, '정치학', '政治学', '延世1'),
  (214, '의학', '医学', '延世1'),
  (215, '영문학', '英国文学', '延世1'),
  (216, '혼자', '一个人，独自', '延世1'),
  (217, '같이', '一起', '延世1'),
  (218, '그럽시다', '那样做吧', '延世1'),
  (219, '나가다', '出去', '延世1'),
  (220, '들어가다', '进去', '延世1'),
  (221, '올라가다', '上去', '延世1'),
  (222, '내려가다', '下去', '延世1'),
  (223, '나오다', '出来', '延世1'),
  (224, '들어오다', '进来', '延世1'),
  (225, '올라오다', '上来', '延世1'),
  (226, '내려오다', '下来', '延世1'),
  (227, '한식집', '韩餐厅', '延世1'),
  (228, '중국집', '中餐厅', '延世1'),
  (229, '일식집', '日本餐厅', '延世1'),
  (230, '양식집', '西餐厅', '延世1'),
  (231, '비빔밥', '拌饭', '延世1'),
  (232, '불고기', '烤肉', '延世1'),
  (233, '내일', '明天', '延世1'),
  (234, '가깝다', '近', '延世1'),
  (235, '그래요', '是吗', '延世1'),
  (236, '값', '价格', '延世1'),
  (237, '싸다', '便宜', '延世1'),
  (238, '외국인', '外国人', '延世1'),
  (239, '잘', '好，副词修饰动词', '延世1'),
  (240, '아주', '非常', '延世1'),
  (241, '들', '们', '延世1'),
  (242, '맛', '味道', '延世1'),
  (243, '맛있다', '好吃', '延世1'),
  (244, '맛없다', '不好吃[마덥따]', '延世1'),
  (245, '맵다', '辣', '延世1'),
  (246, '달다', '甜', '延世1'),
  (247, '쓰다', '苦', '延世1'),
  (248, '시다', '酸', '延世1'),
  (249, '짜다', '咸', '延世1'),
  (250, '싱겁다', '淡', '延世1'),
  (251, '살다', '住，生活', '延世1'),
  (252, '알다', '知道', '延世1'),
  (253, '열다', '开', '延世1'),
  (254, '놀다', '玩', '延世1'),
  (255, '만들다', '做', '延世1'),
  (256, '고 싶다', '表示意愿、愿望，"想..."', '延世1'),
  (257, '갈비', '排骨', '延世1'),
  (258, '삼겹살', '五花肉', '延世1'),
  (259, '김치찌개', '泡菜汤', '延世1'),
  (260, '된장찌개', '大酱汤', '延世1'),
  (261, '순두부찌개', '嫩豆腐汤', '延世1'),
  (262, '닭갈비', '鸡排', '延世1'),
  (263, '삼계탕', '参鸡汤', '延世1'),
  (264, '갈비탕', '排骨汤', '延世1'),
  (265, '냉면', '冷面', '延世1'),
  (266, '칼국수', '刀削面', '延世1'),
  (267, '라면', '拉面', '延世1'),
  (268, '김밥', '紫菜包饭', '延世1'),
  (269, '떡볶이', '炒年糕', '延世1'),
  (270, '잡채', '杂菜', '延世1'),
  (271, '여행하다', '旅行', '延世1'),
  (272, '파티', '聚会', '延世1'),
  (273, '내년', '明年', '延世1'),
  (274, '다시', '再，又', '延世1'),
  (275, '시키다', '点菜', '延世1'),
  (276, '와', '和', '延世1'),
  (277, '종업원', '服务员', '延世1'),
  (278, '주다', '给', '延世1'),
  (279, '드리다', '给(敬语)', '延世1'),
  (280, '물', '水', '延世1'),
  (281, '뭘', '什么 = 무엇을', '延世1'),
  (282, '일', '一', '延世1'),
  (283, '이', '二', '延世1'),
  (284, '삼', '三', '延世1'),
  (285, '사', '四', '延世1'),
  (286, '오', '五', '延世1'),
  (287, '육', '六', '延世1'),
  (288, '칠', '七', '延世1'),
  (289, '팔', '八', '延世1'),
  (290, '구', '九', '延世1'),
  (291, '십', '十', '延世1'),
  (292, '잔', '杯', '延世1'),
  (293, '병', '瓶', '延世1'),
  (294, '그릇', '碗', '延世1'),
  (295, '인분', '人份', '延世1'),
  (296, '사탕', '糖果', '延世1'),
  (297, '맥주', '啤酒', '延世1'),
  (298, '소주', '烧酒', '延世1'),
  (299, '초콜릿', '巧克力', '延世1'),
  (300, '다리', '腿', '延世1'),
  (301, '아프다', '疼', '延世1'),
  (302, '단어', '单词', '延世1'),
  (303, '모르다', '不知道', '延世1'),
  (304, '찾다', '找', '延世1'),
  (305, '고프다', '饿', '延世1'),
  (306, '오렌지', '橙子', '延世1'),
  (307, '케이크', '蛋糕', '延世1'),
  (308, '생일', '生日', '延世1'),
  (309, '영어', '英语', '延世1'),
  (310, '일어', '日语', '延世1'),
  (311, '아무거니', '随便', '延世1'),
  (312, '손님', '客人', '延世1'),
  (313, '알겠습니다', '知道了', '延世1'),
  (314, '드셔 보세요', '尝一尝吧', '延世1'),
  (315, '잠시 만기다리십시오', '请你稍等一会', '延世1'),
  (316, '시키다', '点菜', '延世1'),
  (317, '맥주 하나요/돌이요/셋이요', '一瓶/两瓶/三瓶啤酒', '延世1'),
  (318, '지금', '现在', '延世1'),
  (319, '시', '点', '延世1'),
  (320, '분', '分', '延世1'),
  (321, '요', '非结构性结尾', '延世1'),
  (322, '까지', '到', '延世1'),
  (323, '십', '十', '延世1'),
  (324, '이십', '二十', '延世1'),
  (325, '삼십', '三十', '延世1'),
  (326, '사십', '四十', '延世1'),
  (327, '오십', '五十', '延世1'),
  (328, '육십', '六十', '延世1'),
  (329, '칠십', '七十', '延世1'),
  (330, '팔십', '八十', '延世1'),
  (331, '구십', '九十', '延世1'),
  (332, '백', '百', '延世1'),
  (333, '천', '千', '延世1'),
  (334, '만', '万', '延世1'),
  (335, '반', '半', '延世1'),
  (336, '전', '前', '延世1'),
  (337, '시간', '时间', '延世1'),
  (338, '오전', '上午', '延世1'),
  (339, '오후', '下午', '延世1'),
  (340, '월', '月', '延世1'),
  (341, '몇 월', '几月', '延世1'),
  (342, '며 칠', '几号，几天', '延世1'),
  (343, '일', '天', '延世1'),
  (344, '내일', '明天', '延世1'),
  (345, '오늘', '今天', '延世1'),
  (346, '뭐', '什么=무엇', '延世1'),
  (347, '글쎄요', '嗯...(不确定的语气)', '延世1'),
  (348, '쉬다', '休息', '延世1'),
  (349, '날짜', '日期', '延世1'),
  (350, '요일', '星期', '延世1'),
  (351, '일월', '1月', '延世1'),
  (352, '이월', '2月', '延世1'),
  (353, '삼월', '3月', '延世1'),
  (354, '사월', '4月', '延世1'),
  (355, '오월', '5月', '延世1'),
  (356, '유월', '6月', '延世1'),
  (357, '칠월', '7月', '延世1'),
  (358, '팔월', '8月', '延世1'),
  (359, '구월', '9月', '延世1'),
  (360, '시월', '10月', '延世1'),
  (361, '십일월', '11月', '延世1'),
  (362, '십이월', '12月', '延世1'),
  (363, '월요일', '星期一', '延世1'),
  (364, '화요일', '星期二', '延世1'),
  (365, '수요일', '星期三', '延世1'),
  (366, '목요일', '星期四', '延世1'),
  (367, '금요일', '星期五', '延世1'),
  (368, '토요일', '星期六', '延世1'),
  (369, '일요일', '星期天', '延世1'),
  (370, '일일', '1号', '延世1'),
  (371, '이일', '2号', '延世1'),
  (372, '아침', '早上/早饭', '延世1'),
  (373, '아침을 먹어요', '吃早饭', '延世1'),
  (374, '일어나다', '起床', '延世1'),
  (375, '수업', '课', '延世1'),
  (376, '수업하다', '上课', '延世1'),
  (377, '날마다', '每天，天天', '延世1'),
  (378, '안', '否定副词，不', '延世1'),
  (379, '부터', '从', '延世1'),
  (380, '세수하다', '洗脸', '延世1'),
  (381, '닦다', '刷，擦', '延世1'),
  (382, '이', '牙齿', '延世1'),
  (383, '타다', '乘坐', '延世1'),
  (384, '어제', '昨天', '延世1'),
  (385, '그저께', '前天', '延世1'),
  (386, '모레', '后天', '延世1'),
  (387, '언제', '什么时候，何时', '延世1'),
  (388, '주', '周', '延世1'),
  (389, '지난', '上次，上一个', '延世1'),
  (390, '이번', '这次，这个', '延世1'),
  (391, '다음', '下次，下一个', '延世1'),
  (392, '지난 주', '上周', '延世1'),
  (393, '이번 주', '这周', '延世1'),
  (394, '다음 주', '下周', '延世1'),
  (395, '작년', '去年', '延世1'),
  (396, '올해', '今年', '延世1'),
  (397, '내년', '明年', '延世1'),
  (398, '지난 달', '上个月', '延世1'),
  (399, '이번 달', '这个月', '延世1'),
  (400, '다음 달', '下个月', '延世1'),
  (401, '날', '天', '延世1'),
  (402, '선물', '礼物', '延世1'),
  (403, '선물을 사요', '买礼物', '延世1'),
  (404, '장미꽃', '玫瑰', '延世1'),
  (405, '꽃', '花', '延世1'),
  (406, '꽃 가게', '花店', '延世1'),
  (407, '빵집', '面包房', '延世1'),
  (408, '옷 가게', '衣店', '延世1'),
  (409, '빵 가게', '面包店', '延世1'),
  (410, '과일 가게', '水果店', '延世1'),
  (411, '문방구', '文件店', '延世1'),
  (412, '편의점', '便利店', '延世1'),
  (413, '디자인이 다양하나/독특하다', '设计多样/独特', '延世1'),
  (414, '볼거리/먹을거리가 많다', '看的东西/吃的东西很多', '延世1'),
  (415, '면세점', '免税店', '延世1'),
  (416, '유명 브랜드가 많다', '名品很多', '延世1'),
  (417, '글쎄요', '这个嘛', '延世1'),
  (418, '그렇지만', '但是', '延世1'),
  (419, '아줌마', '大婶', '延世1'),
  (420, '이유', '理由', '延世1'),
  (421, '비싸다', '贵', '延世1'),
  (422, '주인', '主人', '延世1'),
  (423, '건', '...的事情/东西', '延世1'),
  (424, '치즈', '芝士', '延世1'),
  (425, '좀', '有点', '延世1'),
  (426, '큰', '大的', '延世1'),
  (427, '어때요', '怎么样', '延世1'),
  (428, '빨간색', '红色', '延世1'),
  (429, '파란색', '蓝色', '延世1'),
  (430, '노란색', '黄色', '延世1'),
  (431, '하얀색', '白色', '延世1'),
  (432, '까만색/검은색', '黑色', '延世1'),
  (433, '길다', '长', '延世1'),
  (434, '짧다', '短', '延世1'),
  (435, '튼튼하다', '结实', '延世1'),
  (436, '약하다', '虚弱', '延世1'),
  (437, '두껍다', '厚', '延世1'),
  (438, '엷다', '薄', '延世1'),
  (439, '무겁다', '重', '延世1'),
  (440, '보여 주다', '给...看', '延世1'),
  (441, '구경하다', '看，观赏', '延世1'),
  (442, '얼마', '多少', '延世1'),
  (443, '층', '楼、层', '延世1'),
  (444, '호', '号', '延世1'),
  (445, '인분', '份', '延世1'),
  (446, '일', '天', '延世1'),
  (447, '주일', '星期', '延世1'),
  (448, '년', '年', '延世1'),
  (449, '대', '辆', '延世1'),
  (450, '잔', '杯', '延世1'),
  (451, '켤레', '双', '延世1'),
  (452, '개', '个', '延世1'),
  (453, '마리', '只，头，条', '延世1'),
  (454, '자루', '支，把', '延世1'),
  (455, '벌', '件', '延世1'),
  (456, '송이', '朵', '延世1'),
  (457, '권', '本', '延世1'),
  (458, '사람', '人', '延世1'),
  (459, '명', '名', '延世1'),
  (460, '분', '位', '延世1'),
  (461, '장', '张', '延世1'),
  (462, '살', '岁', '延世1'),
  (463, '갑', '包', '延世1'),
  (464, '통', '盒/封', '延世1'),
  (465, '마리', '只/头/条', '延世1'),
  (466, '시간', '时间', '延世1'),
  (467, '달', '个月', '延世1'),
  (468, '가볍다', '轻', '延世1'),
  (469, '비싸다', '贵', '延世1'),
  (470, '싸다', '便宜', '延世1'),
  (471, '가깝다', '近', '延世1'),
  (472, '멀다', '远', '延世1'),
  (473, '선물하다', '送礼物', '延世1'),
  (474, '깎다', '削减', '延世1'),
  (475, '에게', '给', '延世1'),
  (476, '꽃다발', '花束', '延世1'),
  (477, '상품권', '商品券', '延世1'),
  (478, '인형', '玩偶', '延世1'),
  (479, '화장품', '化妆品', '延世1'),
  (480, '향수', '香水', '延世1'),
  (481, '액세서리', '饰品', '延世1'),
  (482, '만년필', '钢笔', '延世1'),
  (483, '전화하다', '打电话', '延世1'),
  (484, '주다', '给、送', '延世1'),
  (485, '드리다', '给、送(敬语)', '延世1'),
  (486, '에게', '给、向、对', '延世1'),
  (487, '께', '给、向、对(敬语)', '延世1'),
  (488, '프랑스', '法国', '延世1'),
  (489, '돌아가다', '回去', '延世1'),
  (490, '국적', '国籍', '延世1'),
  (491, '에서', '来自', '延世1'),
  (492, '왔습니다', '来', '延世1'),
  (493, '주머니', '口袋', '延世1'),
  (494, '우유', '牛奶', '延世1'),
  (495, '침대', '床', '延世1'),
  (496, '냉장고', '冰箱', '延世1'),
  (497, '참', '真的', '延世1'),
  (498, '밥', '饭', '延世1'),
  (499, '음악', '音乐', '延世1'),
  (500, '부르다', '唱、叫', '延世1'),
  (501, '생선', '鱼', '延世1'),
  (502, '겨울', '冬天', '延世1'),
  (503, '여름', '夏天', '延世1'),
  (504, '친절하다', '亲切', '延世1'),
  (505, '사랑하다', '爱', '延世1'),
  (506, '정문', '正门', '延世1'),
  (507, '음식', '食物', '延世1'),
  (508, '촘', '一点', '延世1'),
  (509, '간장', '酱油', '延世1'),
  (510, '고추', '辣椒', '延世1'),
  (511, '식혀', '酒酿', '延世1'),
  (512, '카례', '咖喱', '延世1'),
  (513, '중에서', '当中', '延世1'),
  (514, '보통', '一般', '延世1'),
  (515, '상추', '生菜', '延世1'),
  (516, '술집', '酒馆', '延世1'),
  (517, '회의', '会议', '延世1'),
  (518, '잠깐', '一会儿', '延世1'),
  (519, '고맙다', '谢谢', '延世1'),
  (520, '싶어하다', '想', '延世1'),
  (521, '어서', '快', '延世1'),
  (522, '이번', '这次', '延世1'),
  (523, '방학', '假期', '延世1'),
  (524, '시험', '考试', '延世1'),
  (525, '졸업식', '毕业典礼', '延世1'),
  (526, '쉽다', '简单', '延世1'),
  (527, '어렵다', '难', '延世1'),
  (528, '기분', '心情', '延世1'),
  (529, '아줌마', '大婶', '延世1'),
  (530, '이유', '理由', '延世1'),
  (531, '빌리다', '借', '延世1'),
  (532, '단다', '关', '延世1'),
  (533, '결혼식', '结婚典礼', '延世1'),
  (534, '프로그램', '节目', '延世1'),
  (535, '먼저', '先', '延世1'),
  (536, '피곤하다', '累', '延世1'),
  (537, '여러 가지', '各种各样', '延世1'),
  (538, '넥타이핀', '领带夹', '延世1'),
  (539, '목걸이', '项链', '延世1'),
  (540, '어깨', '肩膀', '延世1'),
  (541, '묻다', '询问', '延世1'),
  (542, '실례', '失礼、劳驾', '延世1'),
  (543, '실례지만', '打扰一下', '延世1'),
  (544, '길', '路、街', '延世1'),
  (545, '길을 묻다', '问路', '延世1'),
  (546, '아파트', '公寓', '延世1'),
  (547, '번', '号', '延世1'),
  (548, '출구', '出口', '延世1'),
  (549, '6번 출구', '6号出口', '延世1'),
  (550, '왼쪽', '左边', '延世1'),
  (551, '오른쪽', '右边', '延世1'),
  (552, '이쪽', '这边', '延世1'),
  (553, '그쪽', '那边', '延世1'),
  (554, '저쪽', '那边', '延世1'),
  (555, '제일', '第一', '延世1'),
  (556, '육교', '天桥', '延世1'),
  (557, '지하도', '地下通道', '延世1'),
  (558, '층', '层', '延世1'),
  (559, '샌드위치', '三文治', '延世1'),
  (560, '호텔', '酒店', '延世1'),
  (561, '신문사', '报社', '延世1'),
  (562, '미술관', '美术馆', '延世1'),
  (563, '대사관', '大使馆', '延世1'),
  (564, '똑바로', '直', '延世1'),
  (565, '나오다', '出来', '延世1'),
  (566, '동문', '东门', '延世1'),
  (567, '북문', '北门', '延世1'),
  (568, '시문', '西门', '延世1'),
  (569, '기숙사', '宿舍', '延世1'),
  (570, '오피스텔', '商务楼', '延世1'),
  (571, '원룸', '套房', '延世1'),
  (572, '얼마나', '多久，多少', '延世1'),
  (573, '걸리다', '需要，消耗(时间)', '延世1'),
  (574, '얼마나 걸려요', '需要多长时间', '延世1'),
  (575, '호선', '线路', '延世1'),
  (576, '몇호선', '几号线', '延世1'),
  (577, '이호선', '2号线', '延世1'),
  (578, '교통', '交通', '延世1'),
  (579, '쯤', '左右', '延世1'),
  (580, '한 시쯤', '一小时左右', '延世1'),
  (581, '시내버스', '市内巴士', '延世1'),
  (582, '고속버스', '高速巴士', '延世1'),
  (583, '마을버스', '区间巴士', '延世1'),
  (584, '택시', '的士', '延世1'),
  (585, '일반택시', '普通的士', '延世1'),
  (586, '모범택시', '模范的士', '延世1'),
  (587, '자동차', '汽车', '延世1'),
  (588, '기차', '火车', '延世1'),
  (589, '자전거', '自行车', '延世1'),
  (590, '비행기', '飞机', '延世1'),
  (591, '배', '轮船', '延世1'),
  (592, '비디오', '视频、录像机', '延世1'),
  (593, '이메일', '电子邮件', '延世1'),
  (594, '연락', '联系', '延世1'),
  (595, '젓가락', '筷子', '延世1'),
  (596, '늦다', '晚', '延世1'),
  (597, '밀리다', '堵车', '延世1'),
  (598, '바쁘다', '忙', '延世1'),
  (599, '아르바이트', '兼职', '延世1'),
  (600, '머리', '头', '延世1'),
  (601, '호수', '湖水', '延世1'),
  (602, '빨리', '快', '延世1'),
  (603, '자리', '座位', '延世1'),
  (604, '오래', '久', '延世1'),
  (605, '곳', '地方', '延世1'),
  (606, '교통수단', '交通工具', '延世1'),
  (607, '떠나다', '离开', '延世1'),
  (608, '앉다', '坐', '延世1'),
  (609, '앉으세요', '坐请', '延世1'),
  (610, '비켜다', '让开', '延世1'),
  (611, '좀 비 주십시오', '请让一下', '延世1'),
  (612, '조 심하다', '小心', '延世1'),
  (613, '조심하세요', '请小心一点', '延世1'),
  (614, '공항', '机场', '延世1'),
  (615, '고속버스 터미널', '高速巴士站', '延世1'),
  (616, '내리다', '下来', '延世1'),
  (617, '갈아타다', '换乘', '延世1'),
  (618, '도착하다', '到达', '延世1'),
  (619, '교통편', '交通工具', '延世1'),
  (620, '여관', '旅馆', '延世1'),
  (621, '민박', '民宿', '延世1'),
  (622, '펜션', '简易旅馆', '延世1'),
  (623, '콘도', '共管式公寓', '延世1'),
  (624, '회', '生鱼片', '延世1'),
  (625, '만지다', '摸', '延世1'),
  (626, '찍다', '拍照', '延世1'),
  (627, '담배', '烟', '延世1'),
  (628, '피우다', '抽', '延世1'),
  (629, '주차하다', '停车', '延世1'),
  (630, '떠들다', '吵闹', '延世1'),
  (631, '지각하다', '迟到', '延世1'),
  (632, '게임', '游戏', '延世1'),
  (633, '모르다', '不知道', '延世1'),
  (634, '가르치다', '教', '延世1'),
  (635, '안내 방송', '广播', '延世1'),
  (636, '걱정하다', '担心', '延世1'),
  (637, '실례하다', '劳驾', '延世1'),
  (638, '비용', '费用', '延世1'),
  (639, '기타', '其它', '延世1'),
  (640, '기사', '司机', '延世1'),
  (641, '걸다', '走', '延世1'),
  (642, '동', '栋、座', '延世1'),
  (643, '세우다', '停', '延世1'),
  (644, '세워 주세요', '请停车', '延世1'),
  (645, '들어가다', '进去', '延世1'),
  (646, '들어가세요', '请进去吧', '延世1'),
  (647, '출발하다', '出发', '延世1'),
  (648, '도착하다', '到达', '延世1'),
  (649, '사거리', '十字路口', '延世1'),
  (650, '신호등', '红绿灯', '延世1'),
  (651, '직진', '直走', '延世1'),
  (652, '좌회전', '左转弯', '延世1'),
  (653, '우회전', '右转弯', '延世1'),
  (654, '고르다', '选', '延世1'),
  (655, '빠르다', '快', '延世1'),
  (656, '데리다', '陪', '延世1'),
  (657, '모시다', '陪(敬语)', '延世1'),
  (658, '다 왔습니다', '快到了', '延世1'),
  (659, '이따가', '一会', '延世1'),
  (660, '이따가 봐요', '一会看', '延世1'),
  (661, '전화번호', '电话号码', '延世1'),
  (662, '나', '表选择', '延世1'),
  (663, '가르치다', '教、告诉', '延世1'),
  (664, '국제전화', '国际电话', '延世1'),
  (665, '시의전화', '长途电话', '延世1'),
  (666, '시내전화', '市内电话', '延世1'),
  (667, '휴대전화', '手机', '延世1'),
  (668, '범죄', '犯罪', '延世1'),
  (669, '화재', '火灾', '延世1'),
  (670, '신고', '举报、申报', '延世1'),
  (671, '안내', '介绍、向导', '延世1'),
  (672, '불이 나다', '着火', '延世1'),
  (673, '주말', '周末', '延世1'),
  (674, '나중', '以后、后来', '延世1'),
  (675, '경주', '庆州', '延世1'),
  (676, '고속전철', '高铁', '延世1'),
  (677, '열쇠고리', '钥匙链', '延世1'),
  (678, '기다리다', '等待', '延世1'),
  (679, '여보세요', '喂', '延世1'),
  (680, '바로', '就，马上', '延世1'),
  (681, '바로 갈게요', '马上去', '延世1'),
  (682, '괜찮다', '没关系', '延世1'),
  (683, '괜찮아요', '没关系', '延世1'),
  (684, '전화를 걸다', '打电话', '延世1'),
  (685, '전화를 받다', '接电话', '延世1'),
  (686, '전화벗호를 누르다', '按电话号码', '延世1'),
  (687, '전화벨이 울리다', '电话响铃', '延世1'),
  (688, '신호가 가다', '有信号，打通', '延世1'),
  (689, '잘못', '错误', '延世1'),
  (690, '잘못 걸다', '打错电话', '延世1'),
  (691, '휴대전화/핸드폰', '手机', '延世1'),
  (692, '휴대전화를/핸드폰을 켜다', '开手机', '延世1'),
  (693, '휴대전화를/핸드폰을 끄다', '关手机', '延世1'),
  (694, '문자메시지를 보내다', '发送文字短信', '延世1'),
  (695, '문자메시지를 확인하다', '查看文字短信', '延世1'),
  (696, '음성메시지를 남기다', '留言', '延世1'),
  (697, '음성메시지를 확인하다', '听留言', '延世1'),
  (698, '바꾸다', '换', '延世1'),
  (699, '주소', '地址', '延世1'),
  (700, '호', '号', '延世1'),
  (701, '주문하다', '预订，预约', '延世1'),
  (702, '오래', '久，长期', '延世1'),
  (703, '배달', '送，递送', '延世1'),
  (704, '늦다', '晚，迟到', '延世1'),
  (705, '약속하다', '约定', '延世1'),
  (706, '약속 장소', '约定场所', '延世1'),
  (707, '약속 시간', '约定时间', '延世1'),
  (708, '약속 시간을 바꾸다', '更换约定时间', '延世1'),
  (709, '약속을 지키다', '守约', '延世1'),
  (710, '약속을 어기다', '毁约', '延世1'),
  (711, '아직', '还', '延世1'),
  (712, '동생은 아직 안 왔세요', '弟弟还没有来', '延世1'),
  (713, '아마', '也许，可能，恐怕', '延世1'),
  (714, '통화하다', '通话', '延世1'),
  (715, '전화를 끊다', '挂电话', '延世1'),
  (716, '바꾸다', '换', '延世1'),
  (717, '통화 중이다', '通话中', '延世1'),
  (718, '전화를 받다', '接电话', '延世1'),
  (719, '코미디', '喜剧', '延世1'),
  (720, '포도', '葡萄', '延世1'),
  (721, '소설책', '小说', '延世1'),
  (722, '더', '副词，更加', '延世1'),
  (723, '봄', '春天', '延世1'),
  (724, '계절', '季节', '延世1'),
  (725, '스키', '滑雪', '延世1'),
  (726, '스키를 타다', '滑雪', '延世1'),
  (727, '되다', '到时间，成为', '延世1'),
  (728, '봄이 되면', '如果到了春天', '延世1'),
  (729, '의사가 되면', '如果成为医生', '延世1'),
  (730, '스키장', '滑雪场', '延世1'),
  (731, '생각', '主意，想法', '延世1'),
  (732, '생각하다', '觉得，认为', '延世1'),
  (733, '가을', '秋天', '延世1'),
  (734, '개나리', '迎春花', '延世1'),
  (735, '진달래', '杜鹃花', '延世1'),
  (736, '딸기', '草莓', '延世1'),
  (737, '수박', '西瓜', '延世1'),
  (738, '휴가', '假，休假', '延世1'),
  (739, '감', '柿子', '延世1'),
  (740, '단풍', '红叶', '延世1'),
  (741, '귤', '橘子', '延世1'),
  (742, '눈사람', '雪人', '延世1'),
  (743, '하늘', '天空', '延世1'),
  (744, '구름', '云，云彩', '延世1'),
  (745, '끼다', '笼罩', '延世1'),
  (746, '흐리다', '阴', '延世1'),
  (747, '날씨가 흐리다', '阴天', '延世1'),
  (748, '맑다', '晴', '延世1'),
  (749, '날씨가 맑다', '晴天', '延世1'),
  (750, '개다', '转晴', '延世1'),
  (751, '구름이 끼다', '多云', '延世1'),
  (752, '안개가 끼다', '有雾', '延世1'),
  (753, '비', '雨', '延世1'),
  (754, '비가 오다/내리다', '下雨', '延世1'),
  (755, '바가 그치다', '雨停', '延世1'),
  (756, '눈이 오다/내리다', '下雪', '延世1'),
  (757, '눈이 그치다', '雪停', '延世1'),
  (758, '바람이 불다', '刮风', '延世1'),
  (759, '불다', '吹，挂', '延世1'),
  (760, '바람이 강하다', '强风', '延世1'),
  (761, '바람이 약하다', '微风', '延世1'),
  (762, '신혼여행', '新婚旅行', '延世1'),
  (763, '인터넷', '互联网', '延世1'),
  (764, '예매', '预购', '延世1'),
  (765, '후', '后', '延世1'),
  (766, '양밀', '袜子', '延世1'),
  (767, '신다', '穿', '延世1'),
  (768, '외출하다', '外出，出门', '延世1'),
  (769, '화장하다', '化妆', '延世1'),
  (770, '잠옷', '睡衣', '延世1'),
  (771, '밤', '夜', '延世1'),
  (772, '아내', '妻子', '延世1'),
  (773, '아들', '儿子', '延世1'),
  (774, '딸', '女儿', '延世1'),
  (775, '졸업하다', '毕业', '延世1'),
  (776, '결혼하다', '结婚典礼', '延世1'),
  (777, '보다', '比', '延世1'),
  (778, '도', '度', '延世1'),
  (779, '선선하다', '凉爽', '延世1'),
  (780, '쌀쌀하다', '凉飕飕', '延世1'),
  (781, '영하', '零下', '延世1'),
  (782, '눈', '眼睛', '延世1'),
  (783, '귀걸이', '耳环', '延世1'),
  (784, '키', '身高，个子', '延世1'),
  (785, '습하다', '潮湿', '延世1'),
  (786, '바닷가', '海边', '延世1'),
  (787, '더', '更', '延世1'),
  (788, '장마철', '梅雨季', '延世1'),
  (789, '눈싸움', '雪仗', '延世1'),
  (790, '등산', '登山', '延世1'),
  (791, '수영', '游泳', '延世1'),
  (792, '소풍을 가다', '去郊游', '延世1'),
  (793, '꽃구경을 가다', '去赏花', '延世1'),
  (794, '피서를 가다', '去避暑', '延世1'),
  (795, '해수욕장', '海水浴场', '延世1'),
  (796, '야영을 하다', '去野营', '延世1'),
  (797, '독서하다', '阅读', '延世1'),
  (798, '단풍 구경을 가다', '去赏红叶', '延世1'),
  (799, '는사람을 만들다', '堆雪人', '延世1'),
  (800, '눈싸움을 하다', '打雪仗', '延世1'),
  (801, '스키를 타다', '滑雪', '延世1'),
  (802, '나이', '年龄', '延世1'),
  (803, '무게', '重量', '延世1'),
  (804, '목', '脖子', '延世1'),
  (805, '길이', '长度', '延世1'),
  (806, '편', '篇，部', '延世1'),
  (807, '출연료', '片酬', '延世1'),
  (808, '모래', '沙子', '延世1'),
  (809, '짓다', '建造', '延世1'),
  (810, '수상스키', '冲浪', '延世1'),
  (811, '초', '初', '延世1'),
  (812, '유월 초', '6月初', '延世1'),
  (813, '끝나다', '结束', '延世1'),
  (814, '수업이 끝났어요', '下课', '延世1'),
  (815, '찍다', '拍', '延世1'),
  (816, '사진을 찍다', '拍照片', '延世1'),
  (817, '휴일', '假日，休息日', '延世1'),
  (818, '공휴일', '公休日', '延世1'),
  (819, '기념일', '纪念日', '延世1'),
  (820, '연휴', '连休', '延世1'),
  (821, '봄방학', '春假', '延世1'),
  (822, '여름방학', '暑假', '延世1'),
  (823, '겨울방학', '寒假', '延世1'),
  (824, '휴가', '假', '延世1'),
  (825, '계획', '计划', '延世1'),
  (826, '계획을 세우다', '订计划', '延世1'),
  (827, '계획을 있/없다', '有计划/无计划', '延世1'),
  (828, '이제', '现在', '延世1'),
  (829, '설날', '春节', '延世1'),
  (830, '사귀다', '结交，交往', '延世1'),
  (831, '되다', '成为', '延世1'),
  (832, '비자', '签证', '延世1'),
  (833, '필요하다', '需要', '延世1'),
  (834, '동안', '期间', '延世1'),
  (835, '학기', '学期', '延世1'),
  (836, '숙박', '住宿', '延世1'),
  (837, '준비물', '准备物品', '延世1'),
  (838, '등산화', '登山鞋', '延世1'),
  (839, '밀리다', '堆积', '延世1'),
  (840, '이곳저곳', '到处，各处', '延世1'),
  (841, '틈틈이', '一点点', '延世1'),
  (842, '휴가철', '假期', '延世1'),
  (843, '방문', '访问', '延世1'),
  (844, '그러니까', '所以，那么', '延世1'),
  (845, '아니면', '或者', '延世1'),
  (846, '주로', '主要', '延世1'),
  (847, '중', '当中', '延世1'),
  (848, '제일', '最', '延世1'),
  (849, '제일 좋아요', '最好', '延世1'),
  (850, '저를 제일 좋아하는 음식은 불고기예요', '我最喜欢的菜是烤肉', '延世1'),
  (851, '이 것은 제일이에요', '这个是最好的', '延世1'),
  (852, '취미', '爱好', '延世1'),
  (853, '기', '谓词/体词谓词形后，使其具有名词', '延世1'),
  (854, '는 것', '动词后，使其具有名词性质', '延世1'),
  (855, '영화 보기/감상', '看电影/电影欣赏', '延世1'),
  (856, '음악 듣기/감상', '听音乐/音乐欣赏', '延世1'),
  (857, '책 읽기/독서', '读书/阅读', '延世1'),
  (858, '사진 찍기', '照相', '延世1'),
  (859, '그림 그리기', '画画', '延世1'),
  (860, '노래 부르기', '唱歌', '延世1'),
  (861, '춤 추기', '跳舞', '延世1'),
  (862, '낚시', '钓鱼', '延世1'),
  (863, '바둑', '围棋', '延世1'),
  (864, '요리', '料理', '延世1'),
  (865, '컴퓨터 게임', '电脑游戏', '延世1'),
  (866, '쓰다', '使用', '延世1'),
  (867, '슬프다', '悲伤', '延世1'),
  (868, '슬픈 영화', '悲伤电影', '延世1'),
  (869, '어렵다', '难', '延世1'),
  (870, '예매하다', '预购', '延世1'),
  (871, '영화표를 예매하다', '预购电影票', '延世1'),
  (872, '편하다', '方便，舒服', '延世1'),
  (873, '편한 신발', '舒服的鞋子', '延世1'),
  (874, '못', '表示否定', '延世1'),
  (875, '공포 영화', '恐怖片', '延世1'),
  (876, '액션 영화', '动作片', '延世1'),
  (877, '코미디 영화', '喜剧片', '延世1'),
  (878, '전쟁 영화', '战争片', '延世1'),
  (879, '만화 영화', '动画片', '延世1'),
  (880, '멜로 영화', '爱情片', '延世1'),
  (881, '공상 과학 영화', '科幻片', '延世1'),
  (882, '가족 영화', '家庭片', '延世1'),
  (883, '무섭다', '害怕', '延世1'),
  (884, '너무', '过于，太', '延世1'),
  (885, '귀엽다', '可爱', '延世1'),
  (886, '로봇', '机器人', '延世1'),
  (887, '세상', '世上，世界', '延世1'),
  (888, '총', '枪', '延世1'),
  (889, '칼', '刀', '延世1'),
  (890, '주인공', '主人公', '延世1'),
  (891, '예약하다', '预约，预订', '延世1'),
  (892, '음악회', '音乐会', '延世1'),
  (893, '축구', '足球', '延世1'),
  (894, '경기', '比赛', '延世1'),
  (895, '하루', '一天', '延世1'),
  (896, '외식', '外面用餐', '延世1'),
  (897, '감동적', '令人感动', '延世1'),
  (898, '병', '病', '延世1'),
  (899, '때문에', '因为', '延世1'),
  (900, '병에 걸리다', '生病', '延世1'),
  (901, '죽다', '去世，死', '延世1'),
  (902, '꼭', '一定', '延世1'),
  (903, '울다', '哭', '延世1'),
  (904, '탁구를', '乒乓球', '延世1'),
  (905, '탁구를 치다', '打乒乓球', '延世1'),
  (906, '피아노를 치다', '弹钢琴', '延世1'),
  (907, '마다', '每', '延世1'),
  (908, '계절마다', '每个季节', '延世1'),
  (909, '배우다', '学习', '延世1'),
  (910, '별로', '不太，不怎么', '延世1'),
  (911, '별로 좋지 않아요', '不太好', '延世1'),
  (912, '야구', '棒球', '延世1'),
  (913, '야구하다', '打棒球', '延世1'),
  (914, '농구', '篮球', '延世1'),
  (915, '농구하다', '打篮球', '延世1'),
  (916, '축구', '足球', '延世1'),
  (917, '축구하다', '踢足球', '延世1'),
  (918, '배구', '排球', '延世1'),
  (919, '태권도', '跆拳道', '延世1'),
  (920, '치다', '打，击', '延世1'),
  (921, '골프', '高尔夫', '延世1'),
  (922, '골프를 치다', '打高尔夫', '延世1'),
  (923, '테니스', '网球', '延世1'),
  (924, '테니스를 치다', '打网球', '延世1'),
  (925, '탁구', '乒乓球', '延世1'),
  (926, '탁구를 치다', '打乒乓球', '延世1'),
  (927, '당구', '台球', '延世1'),
  (928, '당구를 치다', '打台球', '延世1'),
  (929, '배드민턴', '羽毛球', '延世1'),
  (930, '배드민턴을 치다', '打羽毛球', '延世1'),
  (931, '스케이트', '滑雪', '延世1'),
  (932, '스케이트 타다', '滑雪', '延世1'),
  (933, '스노보드', '滑冰', '延世1'),
  (934, '스노보드 타다', '滑冰', '延世1'),
  (935, '공', '球', '延世1'),
  (936, '사용하다', '使用', '延世1'),
  (937, '팀', '组，队', '延世1'),
  (938, '샤워를 하다', '洗澡', '延世1'),
  (939, '머리를 감다', '洗头发', '延世1'),
  (940, '모니터', '监视器，显示器', '延世1'),
  (941, '탁구를', '乒乓球', '延世1'),
  (942, '탁구를 치다', '打乒乓球', '延世1'),
  (943, '피아노를 치다', '弹钢琴', '延世1'),
  (944, '마다', '每', '延世1'),
  (945, '계절마다', '每个季节', '延世1'),
  (946, '배우다', '学习', '延世1'),
  (947, '별로', '不太，不怎么', '延世1'),
  (948, '별로 좋지 않아요', '不太好', '延世1'),
  (949, '야구', '棒球', '延世1'),
  (950, '야구하다', '打棒球', '延世1'),
  (951, '농구', '篮球', '延世1'),
  (952, '농구하다', '打篮球', '延世1'),
  (953, '축구', '足球', '延世1'),
  (954, '축구하다', '踢足球', '延世1'),
  (955, '배구', '排球', '延世1'),
  (956, '태권도', '跆拳道', '延世1'),
  (957, '치다', '打，击', '延世1'),
  (958, '골프', '高尔夫', '延世1'),
  (959, '골프를 치다', '打高尔夫', '延世1'),
  (960, '테니스', '网球', '延世1'),
  (961, '테니스를 치다', '打网球', '延世1'),
  (962, '탁구', '乒乓球', '延世1'),
  (963, '탁구를 치다', '打乒乓球', '延世1'),
  (964, '당구', '台球', '延世1'),
  (965, '당구를 치다', '打台球', '延世1'),
  (966, '배드민턴', '羽毛球', '延世1'),
  (967, '배드민턴을 치다', '打羽毛球', '延世1'),
  (968, '스케이트', '滑雪', '延世1'),
  (969, '스케이트 타다', '滑雪', '延世1'),
  (970, '스노보드', '滑冰', '延世1'),
  (971, '스노보드 타다', '滑冰', '延世1'),
  (972, '공', '球', '延世1'),
  (973, '사용하다', '使用', '延世1'),
  (974, '팀', '组，队', '延世1'),
  (975, '샤워를 하다', '洗澡', '延世1'),
  (976, '머리를 감다', '洗头发', '延世1'),
  (977, '모니터', '监视器，显示器', '延世1'),
  (978, '거나', '或者', '延世1'),
  (979, '조사', '调查', '延世1'),
  (980, '활동', '活动', '延世1'),
  (981, '보내다', '过时间', '延世1'),
  (982, '휴일을 보내다', '过休息日', '延世1'),
  (983, '주말을 보내다', '过周末', '延世1'),
  (984, '방법', '方法', '延世1'),
  (985, '집안일', '家务', '延世1'),
  (986, '스포츠', '运动', '延世1'),
  (987, '관광지', '旅游胜地', '延世1'),
  (988, '놀이 공원', '游乐园', '延世1'),
  (989, '온천', '温泉', '延世1'),
  (990, '미역국', '海带汤', '延世1'),
  (991, '와이셔츠', '衬衫', '延世1'),
  (992, '드라마', '电视剧', '延世1'),
  (993, '시집', '诗集', '延世1');
